username,password,errormessage
admin,pwd,Please verify your email and password
a,pwd,Please verify your email and password
admin, ,Please verify your email and password
 ,pwd,Please verify your email and password
ADMIN@,fgh,Please verify your email and password
unregistered@gmail.com,fdbhghdfhxdgnh,Please verify your email and password
admin@gmail.com,invalidpwd,Please verify your email and password
&^%&^%&,&*(^^*^*^*)^&*,Please verify your email and password
7.16E+14,1238o475683756,Please verify your email and password
2783&^%&^%&^,&*&*^78678686,Please verify your email and password
safjdg&^%&^%,jhghjghjg&*%&^%^,Please verify your email and password
